topic_id,PC0,PC1,PC2,PC3,PC4
T0,-1129.5294434853402,270.0290385155944,-94.79555628553753,112.59680490147966,0.05473924917022677
T1,-1221.6164849851507,-178.8146186983225,128.1266634520413,111.9508268828071,0.054739249170225435
T2,-276.03776665140816,142.89532652578418,152.44474131282152,261.77766137872067,0.05473924917017676
T3,-2.373241633948648,0.4829837112094245,0.19112457914037165,1.2578602125430893,0.05473924917015486
T4,-827.0671550202451,266.469995312745,272.83567501481207,6.427226339721678,0.05473924917020678
