subreddit_num,T0,T1,T2,T3,T4
0,0.5600275126990956,0.03821501090384982,0.001181176546144455,1.1116799546722848e-05,0.4005651830513635
1,0.0923509110819717,0.8717665983004206,2.287183868633518e-05,2.224400639829825e-05,0.035837374772523134
2,4.0875177241793776e-05,4.0881758482256234e-05,0.526078473663867,3.98880715852494e-05,0.4737998813288237
3,0.416805721485661,0.582969391510369,7.550514876117976e-05,7.379278274129508e-05,7.558907246743586e-05
4,0.9994230110522622,0.00014593498750650917,0.00014433175325898772,0.0001423273643818474,0.00014439484259046658
5,0.00025068783650156033,0.0002517377486372972,0.0002495899226599181,0.00024463709967707293,0.9990033473925242
6,0.0001330090671494362,0.00013270860518101445,0.9994713232532082,0.00012943317659583735,0.00013352589786539142
7,5.0284141629935015e-05,0.9998006515501493,4.992764176636609e-05,4.8954327126114424e-05,5.018233932822307e-05
8,0.00038290909992093114,0.9984800963050426,0.00038131691788039976,0.0003733635209492375,0.000382314156206795
9,0.4474511365757922,0.00022359265772729157,0.5141309397847718,0.0002175241203114212,0.037976806861397386
10,0.0004098668574945657,0.6476958438671466,0.0004084142446996622,0.0004018177753190233,0.35108405725534014
11,0.07027799881257718,0.00028098442209277227,0.9288886007400555,0.0002737194101216102,0.00027869661515284125
12,0.5137058425074152,0.0006281961356641733,0.3374760818092138,0.0006139195992948086,0.147575959948412
