topic_id,top_terms,doc_weight_sum,term_freq
T0,apple iphone market earnings stock,3.1013097663947127,0.3184577953424706
T1,apple stock market year company,4.140631628752269,0.3231324118991406
T2,apple earnings options week stock,3.308558553264973,0.11967841440853144
T3,table perfect averages reversal setup,0.0025927380540485385,0.0042932607176548385
T4,apple stock calls im earnings,2.446907313533995,0.2344381176322025
